,Explained_Variance_Ratio,Cumulative_Variance
0,0.531234767315661,0.531234767315661
1,0.41890766585551487,0.9501424331711759
2,0.03738315622274541,0.9875255893939213
